{
    "K": [
        [
            374.672,
            0,
            320.039
        ],
        [
            0,
            501.706,
            247.027
        ],
        [
            0,
            0,
            1.0
        ]
    ],
    "dist": [
        0.00170557,
        0.00113633,
        0.0927195,
        -0.201888,
        0.0785958
    ]
}
